"CBO","DIT","FanIn","FanOut","LCOM","NOC","NOA","NOAI","LOC","NOM","NOMI","NOPRA","NOPRM","NOPA","NOPM","RFC","WMC","change_probability"
"9","2","1","9","15","0","1","8","122","6","19","0","0","1","5","34","20","1174"
"1","1","1","0","0","0","2","0","4","1","8","0","0","2","1","1","1","10"
"114","1","102","18","190","6","131","249","484","20","8","0","1","3","19","156","176","2129"
"5","6","1","4","10","0","0","61","33","5","207","0","0","0","4","18","12","261"
"6","4","2","4","78","0","4","96","87","13","88","2","0","0","3","46","23","609"
"2","1","2","0","1","0","4","0","9","2","8","0","0","4","2","2","2","43"
"4","3","3","1","6","1","3","3","9","4","17","0","0","1","3","5","3","260"
"6","2","3","4","105","0","5","95","95","15","68","3","0","0","6","51","25","289"
"8","2","4","4","15","0","6","0","42","6","23","6","0","0","5","14","10","205"
"1","2","1","0","136","0","15","2","53","17","41","1","0","1","17","18","19","140"
"4","2","3","1","3","0","2","0","14","3","15","0","0","2","2","4","4","21"
"1","1","1","1","6","1","1","0","20","4","8","0","0","1","3","5","6","390"
"1","2","1","0","1","2","0","5","0","2","19","0","0","0","2","2","0","0"
"4","1","1","3","45","0","1","0","52","10","17","0","0","1","10","34","17","814"
"6","3","3","3","3","0","2","1","16","3","31","2","0","0","2","8","4","110"
"2","2","2","0","0","0","0","0","3","1","43","0","0","0","1","2","1","290"
"9","3","1","8","45","0","7","126","166","10","44","0","0","7","10","40","39","1409"
"3","1","0","3","45","0","4","0","144","10","8","0","3","4","7","40","37","25"
"5","3","3","3","10","1","1","13","35","5","55","0","0","0","1","12","13","2"
"3","2","1","2","10","0","3","0","72","5","22","3","1","0","3","55","15","121"
"7","6","5","3","15","2","2","385","52","6","95","0","0","2","5","17","12","582"
"5","2","5","0","66","0","16","152","55","12","41","15","1","1","11","14","27","542"
"5","3","1","5","105","0","5","95","96","15","73","3","0","0","6","51","25","729"
"6","5","1","5","78","0","1","62","56","13","202","0","0","0","8","22","20","29"
"31","1","24","7","190","0","24","0","245","20","8","3","3","21","17","72","72","3404"
"5","2","2","3","300","0","13","2","258","25","41","8","1","1","24","130","56","535"
"14","4","4","11","703","0","14","50","419","38","185","0","0","0","20","162","94","3581"
"3","5","1","2","10","0","0","58","34","5","179","0","0","0","4","12","7","2"
"3","6","1","2","21","0","1","384","39","7","79","0","0","0","7","14","11","341"
"6","2","3","4","136","0","7","119","197","17","16","1","1","6","7","54","68","167"
"1","4","1","0","0","0","0","7","0","1","28","0","0","0","1","1","0","44"
"5","1","2","3","55","2","7","0","81","11","28","7","0","0","5","29","21","22"
"6","5","4","2","10","1","1","388","45","5","78","0","0","1","5","13","16","264"
"14","3","1","13","15","0","3","19","167","6","67","0","4","3","1","51","36","148"
"13","1","8","6","45","1","2","0","151","10","8","0","3","2","6","53","53","311"
"1","1","1","0","3","0","1","0","11","3","8","0","0","0","3","3","3","240"
"3","3","1","2","3","0","1","3","27","3","17","0","1","1","1","7","8","334"
"2","5","1","2","10","0","2","61","50","5","49","0","1","1","1","10","15","1281"
"8","3","2","7","28","0","2","52","69","8","27","0","0","1","5","24","25","2088"
"5","1","1","4","36","0","3","0","109","9","16","0","2","3","7","30","31","298"
"35","1","32","3","55","16","0","0","85","11","8","0","0","0","0","16","21","114"
"7","6","2","5","10","0","0","385","35","5","95","0","0","0","4","24","11","344"
"16","1","11","5","10","0","3","0","62","5","8","1","0","2","5","18","22","260"
"13","2","1","13","15","0","1","8","207","6","19","0","0","1","5","58","30","2540"
"3","1","1","2","36","0","4","0","83","9","8","0","1","4","8","24","25","1149"
"7","2","4","3","6","17","4","0","18","4","22","3","0","0","4","10","5","59"
"1","1","1","0","55","1","0","0","43","11","8","0","0","0","0","11","11","322"
"13","2","1","12","1","0","0","270","166","2","48","0","0","0","2","42","29","1372"
"8","2","1","7","28","0","7","141","264","8","35","0","0","7","5","85","63","1435"
"6","3","1","5","6","0","2","135","107","4","67","0","0","2","2","24","49","124"
"11","4","6","6","15","0","2","49","64","6","148","0","0","2","2","18","18","488"
"17","3","2","15","21","0","2","25","83","7","82","0","0","0","3","49","20","743"
"8","1","3","5","10","1","10","0","140","5","8","0","0","4","4","37","48","772"
"1","2","1","0","1","0","3","0","11","2","11","0","0","3","1","2","4","38"
"5","2","1","4","10","0","4","0","27","5","22","4","0","0","4","12","7","154"
"4","3","1","3","66","0","3","95","59","12","73","2","0","0","3","35","16","497"
"1","4","1","0","0","0","5","6","0","1","21","0","0","5","1","1","0","59"
"11","2","2","9","45","0","8","0","108","10","18","0","0","8","9","51","34","898"
"3","1","2","1","3","0","5","0","25","3","8","0","0","5","1","5","7","270"
"9","3","1","8","10","0","0","22","90","5","78","0","1","0","0","34","30","710"
"6","1","6","0","1","5","0","0","0","2","8","0","0","0","2","2","0","23"
"4","2","1","3","10","2","2","141","23","5","35","0","0","2","5","13","6","509"
"4","3","2","2","36","0","1","95","31","9","75","1","0","0","1","19","9","123"
"9","3","8","1","28","2","1","380","31","8","38","0","0","1","8","14","11","159"
"5","1","1","5","10","0","11","0","140","5","16","3","1","8","4","28","25","167"
"6","3","1","5","91","0","5","95","86","14","73","3","0","0","4","48","22","689"
"4","2","1","4","21","0","1","68","67","7","33","0","0","0","4","18","25","171"
"28","2","1","28","36","0","4","17","423","9","19","0","3","0","3","149","56","4261"
"2","2","1","1","1","0","0","219","10","2","55","0","0","0","2","3","3","22"
"4","3","1","3","6","0","5","1","33","4","31","5","0","0","4","9","7","145"
"6","3","1","6","171","0","10","95","136","19","73","6","0","0","9","72","38","1227"
"6","1","1","5","1","0","1","114","131","2","9","1","0","0","2","38","24","629"
"8","5","1","7","45","0","5","55","210","10","171","0","0","5","10","70","47","677"
"7","3","4","4","10","1","1","37","34","5","72","0","0","0","5","13","6","827"
"6","1","3","3","15","0","9","0","116","6","8","1","0","6","6","34","31","36"
"5","3","1","4","91","0","5","95","98","14","73","3","0","0","5","49","24","722"
"2","4","1","1","3","0","1","61","17","3","45","0","0","0","1","7","4","1080"
"12","2","1","11","105","0","5","0","163","15","19","1","4","1","3","88","35","138"
"10","2","3","7","28","0","1","0","46","8","18","0","0","1","8","25","12","279"
"11","4","1","11","55","1","0","52","63","11","127","0","0","0","6","34","22","538"
"6","2","1","6","105","0","5","95","91","15","68","3","0","0","5","50","23","684"
"8","1","7","1","45","0","4","0","34","10","8","0","0","4","10","12","14","1831"
"3","2","1","2","120","0","5","11","123","16","18","0","0","0","16","43","31","650"
"7","1","4","4","15","0","3","0","56","6","8","3","0","0","6","16","19","455"
"13","1","9","4","1","1","6","0","14","2","23","1","0","5","2","11","5","371"
"6","3","1","5","91","0","5","95","106","14","73","3","0","0","5","54","27","780"
"4","3","1","3","28","0","7","1","50","8","36","7","0","0","7","23","13","260"
"16","4","3","13","15","0","2","384","195","6","69","0","0","2","6","75","56","1691"
"1","3","1","0","1","0","0","384","9","2","31","0","0","0","2","5","2","0"
"3","2","3","0","66","0","1","152","37","12","41","1","1","0","11","14","12","378"
"5","2","1","5","36","0","1","68","124","9","33","0","0","0","5","30","44","408"
"3","2","3","0","3","6","1","2","6","3","14","0","0","0","3","3","2","107"
"0","7","0","0","1","0","2","388","7","2","87","0","0","0","2","2","2","160"
"1","2","1","1","21","0","2","68","74","7","33","0","0","2","4","17","25","6"
"4","1","2","2","55","0","4","0","118","11","8","0","2","4","9","33","36","1067"
"26","2","1","26","190","0","4","68","526","20","33","1","4","1","5","176","175","2570"
"2","1","2","0","10","0","4","0","18","5","16","4","0","0","5","5","5","377"
"1","2","1","0","0","0","0","11","3","1","47","0","0","0","1","1","1","5"
"3","3","1","2","66","0","3","95","60","12","73","2","0","0","3","35","16","499"
"15","2","2","13","15","1","4","18","223","6","62","0","0","4","2","104","46","363"
"18","2","7","11","136","4","4","18","165","17","62","0","1","0","2","81","56","2020"
"5","1","3","2","3","0","2","0","77","3","8","2","0","0","3","12","12","236"
"7","7","1","6","15","1","0","386","38","6","97","0","0","0","6","17","10","465"
"15","1","10","6","120","1","10","0","383","16","16","2","0","2","13","122","93","3613"
"7","4","1","7","136","0","5","99","98","17","100","1","0","0","1","57","26","709"
"3","1","1","2","45","0","4","0","64","10","8","0","0","4","10","20","18","536"
"17","1","4","13","66","1","6","48","144","12","11","0","4","1","5","54","38","8535"
"6","3","1","5","91","0","5","95","107","14","73","3","0","0","5","53","27","778"
"1","1","1","0","10","2","0","5","12","5","14","0","0","0","5","5","4","286"
"22","1","5","18","55","2","5","0","242","11","8","0","0","0","3","89","51","3175"
"9","2","0","9","66","0","5","2","89","12","41","3","1","2","11","54","26","0"
"12","3","2","11","36","0","1","5","155","9","21","1","0","0","9","60","40","802"
"1","4","1","0","3","1","0","37","9","3","85","0","0","0","1","3","3","207"
"1","1","1","0","45","0","3","0","55","10","8","0","1","3","9","27","18","0"
"1","2","0","1","1","0","1","1","9","2","18","0","0","1","2","6","4","32"
"20","4","5","15","300","0","7","52","222","25","129","0","3","7","16","78","55","268"
"1","1","1","0","0","0","2","0","4","1","8","0","0","2","1","1","1","136"
"11","4","3","8","28","0","0","28","62","8","91","0","1","0","2","35","16","653"
"16","3","12","4","45","0","3","380","97","10","38","0","0","3","10","32","30","1614"
"12","3","9","3","66","0","3","95","72","12","76","2","0","0","3","37","19","583"
"3","2","2","1","1","0","1","1","9","2","18","0","1","1","1","5","3","110"
"6","1","3","3","3","0","2","0","27","3","8","2","0","0","3","13","7","44"
"3","1","2","2","10","0","2","0","30","5","8","0","1","1","4","10","8","50"
"4","2","1","3","6","0","5","1","17","4","11","0","0","5","4","7","4","285"
"5","3","3","2","3","0","3","1","22","3","31","3","0","0","3","6","5","154"
"4","1","1","3","1","0","2","0","12","2","8","2","1","0","1","5","2","18"
"5","2","2","3","3","0","0","8","30","3","19","0","0","0","3","10","9","142"
"3","4","1","2","6","0","1","35","24","4","47","0","0","1","4","8","6","300"
"2","3","1","1","1","0","0","387","12","2","32","0","0","0","2","7","4","275"
"3","2","3","0","6","0","3","28","13","4","16","1","0","2","3","4","4","234"
"8","2","4","4","10","0","1","18","35","5","62","0","0","0","4","15","12","475"
"1","4","1","0","6","0","3","3","13","4","38","3","0","0","4","4","4","600"
"5","3","3","2","28","0","1","95","29","8","73","1","0","0","1","18","8","313"
"4","2","2","2","3","0","2","0","14","3","15","2","0","0","2","5","5","23"
"12","1","10","2","15","0","2","0","28","6","10","0","0","0","6","12","8","292"
"1","2","1","0","0","0","0","2","3","1","33","0","0","0","1","1","1","10"
"3","3","1","2","3","0","3","1","21","3","31","3","0","0","3","5","5","174"
"12","2","1","11","15","0","2","18","120","6","62","0","0","2","1","49","26","244"
"9","4","0","9","6","0","0","384","72","4","41","0","0","0","4","28","16","170"
"7","2","4","4","171","0","15","119","238","19","16","1","1","5","11","62","86","166"
"23","2","4","20","276","1","9","3","305","24","25","0","4","0","17","135","86","3485"
"4","3","1","3","6","0","1","388","80","4","33","0","1","1","3","11","27","150"
"2","3","1","1","3","0","3","1","23","3","31","3","0","0","3","5","5","129"
"12","3","4","9","45","1","3","3","110","10","17","0","2","0","2","37","30","802"
"9","2","4","5","66","1","3","0","92","12","13","1","0","0","6","61","29","1477"
"6","3","1","5","136","0","9","95","117","17","73","5","0","0","7","61","29","993"
"2","1","1","1","45","1","11","0","48","10","8","0","0","0","0","11","12","151"
"11","3","0","11","15","0","6","380","192","6","38","0","0","6","6","69","45","2085"
"7","3","1","6","105","0","3","95","220","15","73","2","0","0","5","85","57","1310"
"4","1","3","1","10","0","4","0","47","5","8","0","0","4","5","11","17","162"
"13","1","12","1","6","0","0","0","40","4","8","0","0","0","4","8","4","500"
"3","1","1","2","1","0","0","0","23","2","8","0","1","0","1","16","7","339"
"6","2","3","4","45","1","4","58","121","10","24","4","0","0","1","51","50","17"
"2","2","1","1","1","0","3","28","24","2","25","0","0","3","2","4","2","277"
"2","1","1","1","10","0","3","0","27","5","8","3","0","0","5","8","8","418"
"8","3","8","0","1","0","2","37","8","2","72","1","0","1","2","2","4","247"
"2","6","2","1","3","0","2","68","13","3","210","2","0","0","3","5","3","0"
"4","2","1","3","36","0","3","3","48","9","27","2","0","0","0","25","12","4"
"4","1","1","3","15","0","3","0","88","6","8","3","0","0","6","17","32","1154"
"16","1","9","7","276","1","7","0","276","24","16","0","0","0","16","79","49","1655"
"2","6","2","0","0","0","2","67","7","1","58","0","0","0","1","2","1","640"
"25","1","23","2","55","0","4","0","127","11","16","0","1","4","10","31","45","33"
"24","5","11","13","45","4","1","52","178","10","161","0","1","0","5","82","34","469"
"2","4","2","0","1","0","1","6","4","2","25","0","0","1","1","2","1","195"
"1","6","1","0","10","1","1","11","12","5","47","0","0","0","4","5","4","12"
"6","2","4","2","28","0","2","5","59","8","13","2","0","0","8","26","15","62"
"7","2","1","6","1","0","0","52","35","2","25","0","0","0","2","14","6","651"
"2","3","1","1","66","0","3","95","59","12","73","2","0","0","3","33","16","649"
"11","2","5","6","45","0","4","1","68","10","12","0","0","4","8","38","15","852"
"2","1","2","0","3","0","5","0","10","3","16","2","0","0","3","3","3","682"
"13","3","1","12","300","0","3","170","495","25","67","1","2","2","4","130","129","504"
"17","2","10","7","120","6","3","95","74","16","68","1","0","2","7","38","19","895"
"4","3","1","3","120","0","7","95","141","16","73","4","0","0","7","65","35","998"
"7","3","4","3","190","0","7","95","127","20","82","4","0","0","7","63","33","872"
"4","3","3","2","21","0","1","7","46","7","22","0","0","1","4","15","12","567"
"16","3","2","14","36","0","2","22","102","9","78","0","2","0","1","61","26","1279"
"14","2","11","6","136","1","6","153","136","17","16","0","3","6","7","54","45","1182"
"14","1","0","14","6","0","6","0","121","4","9","5","2","1","2","59","32","272"
"6","2","4","2","105","0","24","95","70","15","68","3","0","0","5","40","19","593"
"5","3","1","4","66","0","3","95","72","12","73","2","0","0","3","39","19","575"
"13","2","2","12","91","0","11","1","112","14","12","3","2","6","9","50","36","299"
"4","1","3","1","45","0","276","0","177","10","8","1","0","0","10","26","41","11060"
"10","4","1","9","15","0","2","384","66","6","69","0","1","2","5","32","20","221"
"15","4","2","14","741","0","4","50","328","39","176","0","0","0","13","195","85","2779"
"8","1","6","2","45","0","4","0","117","10","16","0","1","4","9","24","30","113"
"0","1","0","0","1","1","5","0","0","2","8","0","0","0","2","2","0","53"
"4","3","1","4","28","0","0","69","65","8","37","0","1","0","2","21","27","318"
"7","3","5","2","78","0","13","95","59","13","76","3","0","0","4","31","16","736"
"5","2","4","1","66","0","1","152","39","12","41","1","1","0","11","14","13","510"
"3","1","1","2","6","0","2","14","17","4","11","0","0","2","4","9","5","366"
"9","2","4","6","66","2","2","0","57","12","5","0","0","0","10","30","20","12"
"0","7","0","0","1","0","2","386","7","2","86","0","0","0","2","2","2","181"
"9","2","1","9","21","0","0","19","255","7","15","0","1","0","0","77","39","1907"
"4","3","1","4","105","0","5","95","109","15","73","3","0","0","6","55","28","828"
"1","3","1","0","1","0","1","23","7","2","28","1","0","0","2","3","2","60"
"2","2","1","1","36","0","3","0","42","9","11","1","3","2","5","21","11","874"
"13","4","7","6","55","1","2","52","57","11","127","0","0","0","9","31","16","181"
"1","1","1","0","0","0","5","0","3","1","23","1","0","4","1","1","1","239"
"12","3","8","4","15","2","2","95","22","6","73","0","0","1","4","13","6","414"
"6","1","5","1","66","0","1","17","136","12","0","1","0","0","5","66","51","40"
"7","5","1","6","55","0","1","384","91","11","87","0","0","1","7","38","25","186"
"4","1","1","3","28","0","3","0","94","8","16","0","1","3","7","18","24","2"
"14","1","12","2","3","0","18","0","80","3","8","18","0","0","3","11","24","29"
"14","3","1","13","153","0","0","8","104","18","46","0","0","0","15","65","21","1430"
"3","2","1","2","28","0","7","0","51","8","25","7","0","0","7","13","12","6"
"6","3","3","3","66","0","3","95","71","12","73","2","0","0","3","37","19","559"
"3","1","3","0","45","0","0","0","0","10","8","0","0","0","10","10","0","98"
"1","3","1","0","1","0","1","37","7","2","72","0","0","1","2","2","2","19"
"4","3","1","3","91","0","5","95","109","14","73","3","0","0","5","51","27","770"
"1","6","0","1","3","0","2","386","13","3","85","0","0","2","3","7","3","0"
"9","2","0","9","21","0","1","33","103","7","82","0","1","0","2","36","30","871"
"3","1","0","3","3","0","1","0","19","3","8","0","2","0","1","8","6","1855"
"6","3","1","5","21","0","0","380","32","7","38","0","0","0","7","17","9","190"
"4","4","1","4","10","0","1","14","26","5","59","1","0","0","1","12","13","2"
"5","2","2","3","136","0","9","219","191","17","55","7","1","1","16","30","53","95"
"6","2","6","1","28","6","0","95","24","8","68","0","0","0","7","10","8","588"
"0","1","0","0","91","0","0","0","42","14","22","0","0","0","14","14","14","498"
"6","1","6","0","0","0","1","0","3","1","22","1","0","0","1","1","1","222"
"5","1","1","4","6","0","2","0","51","4","8","2","1","0","3","15","15","9"
"11","3","5","7","171","0","10","95","155","19","73","6","0","0","7","75","40","1381"
"2","5","2","0","0","0","2","83","7","1","57","0","0","0","1","2","1","492"
"6","2","1","5","21","0","1","10","136","7","15","1","0","0","1","32","39","0"
"4","3","1","3","15","0","1","9","20","6","42","1","0","0","5","11","6","121"
"5","2","1","5","10","0","1","68","69","5","33","0","0","0","4","30","35","97"
"15","3","12","3","55","0","3","95","47","11","73","2","0","0","2","29","13","438"
"6","2","3","4","136","0","8","95","121","17","68","5","0","0","7","60","31","406"
"12","1","1","11","10","0","3","0","145","5","8","0","2","3","3","62","43","1963"
"8","6","2","6","28","0","5","385","71","8","95","0","1","2","7","34","20","465"
"9","3","5","4","91","0","3","95","87","14","76","2","0","0","5","45","23","655"
"1","4","1","0","3","0","2","3","11","3","38","2","0","0","3","3","3","371"
"10","2","9","1","28","1","2","2","16","8","11","2","0","0","7","10","5","367"
"12","1","1","11","15","0","2","0","63","6","8","0","0","0","6","25","15","1227"
"5","3","1","4","66","0","3","95","72","12","73","2","0","0","3","39","19","570"
"3","3","3","0","1","4","1","2","6","2","36","0","0","1","2","2","2","0"
"1","2","0","1","3","0","2","0","10","3","13","0","1","1","2","5","4","162"
"3","2","3","0","66","0","1","152","37","12","41","1","1","0","11","14","12","380"
"4","3","1","3","6","0","3","1","31","4","32","3","0","0","3","10","7","111"
"9","3","3","6","136","0","7","97","125","17","84","3","0","0","3","63","35","1115"
"3","5","2","1","3","0","1","52","10","3","138","1","0","0","2","5","3","0"
"1","4","1","0","3","1","0","34","9","3","84","0","0","0","1","3","3","208"
"8","3","2","7","276","0","14","95","208","24","73","8","0","0","12","104","54","2179"
"1","1","1","0","0","0","2","0","3","1","23","1","0","0","1","1","1","47"
"5","1","4","1","6","0","2","0","17","4","8","0","0","2","4","8","4","2"
"3","1","3","0","3","0","7","0","9","3","8","0","0","7","3","4","4","7"
"3","2","1","2","3","0","3","219","31","3","55","0","0","3","3","7","10","327"
"13","2","7","7","136","0","8","95","130","17","68","4","0","1","7","66","36","1096"
"13","3","2","11","21","0","2","380","96","7","38","0","0","2","7","46","34","466"
"2","1","2","0","3","18","0","0","9","3","8","0","0","0","3","3","3","1756"
"8","4","8","0","1","0","2","35","9","2","47","1","0","1","2","2","2","187"
"0","1","0","0","45","0","1","0","27","10","15","0","0","0","9","10","9","324"
"2","4","1","1","1","2","6","61","34","2","45","0","0","0","1","3","12","203"
"10","3","4","6","210","4","5","38","146","21","118","0","0","0","4","61","33","1445"
"13","4","2","11","780","0","13","50","404","40","189","0","0","0","23","162","104","3414"
"2","1","2","0","10","1","0","0","12","5","8","0","0","0","5","5","4","265"
"4","3","1","3","66","0","3","95","59","12","73","2","0","0","3","35","16","493"
"1","2","1","0","0","0","1","10","4","1","13","0","0","1","0","1","1","83"
"38","1","33","5","15","0","2","0","52","6","0","1","0","1","6","30","12","690"
"4","1","3","1","15","0","3","0","56","6","8","0","1","3","5","13","19","54"
"1","2","1","0","0","0","0","2","3","1","33","0","0","0","1","1","1","130"
"8","2","1","8","6","0","1","18","83","4","62","0","0","0","2","48","21","820"
"12","2","1","11","253","0","23","8","285","23","40","23","1","0","22","66","64","642"
"9","5","1","8","55","0","2","384","158","11","77","0","0","2","11","70","37","1708"
"7","2","2","5","6","0","1","0","44","4","39","1","1","0","1","25","13","16"
"8","2","3","6","136","0","7","95","109","17","68","4","0","0","7","60","28","337"
"6","5","2","4","6","0","0","37","28","4","88","0","0","0","1","12","9","301"
"4","1","1","4","15","0","1","0","52","6","8","1","1","0","5","19","19","2476"
"10","1","6","5","10","2","0","0","17","5","8","0","0","0","5","13","4","396"
"5","1","1","5","36","0","2","0","44","9","8","2","0","0","9","26","14","135"
"4","1","3","1","45","1","2","0","69","10","8","0","0","0","10","21","13","625"
"10","4","6","5","55","2","3","52","56","11","128","0","0","0","9","30","16","0"
"5","2","2","3","36","2","8","0","82","9","15","0","0","0","6","22","22","842"
"7","1","3","5","21","2","5","0","104","7","8","0","0","5","0","25","7","837"
"16","2","1","16","231","0","8","6","232","22","30","8","1","0","20","90","71","1408"
"0","1","0","0","0","0","9","0","3","1","22","1","0","0","1","1","1","110"
"2","3","1","1","3","0","0","384","17","3","31","0","0","0","3","8","4","12"
"3","8","1","2","3","0","0","386","16","3","103","0","0","0","3","10","5","382"
"6","2","1","5","78","0","3","0","77","13","5","1","0","0","12","32","24","0"
"6","3","0","6","231","0","8","5","154","22","27","8","0","0","22","61","44","1455"
"4","2","4","0","66","0","1","152","36","12","41","0","1","1","11","14","12","471"
"4","1","1","3","15","0","3","0","88","6","8","3","0","0","6","17","32","1142"
"29","1","1","29","136","0","2","39","462","17","8","2","8","0","3","215","162","1055"
"10","4","1","9","3","0","2","11","27","3","64","2","0","0","2","19","7","11"
"16","2","1","15","15","0","2","3","216","6","12","2","3","0","3","57","52","374"
"4","1","1","3","28","0","4","0","50","8","8","0","0","4","8","17","16","183"
"16","2","1","15","105","0","7","6","155","15","23","7","1","0","13","61","43","699"
"6","2","1","6","66","1","5","55","276","12","27","2","2","0","0","126","84","39"
"4","1","0","4","0","0","0","0","73","1","0","0","0","0","1","25","3","259"
"4","1","2","2","45","0","13","0","156","10","8","2","0","2","10","33","43","58"
"12","6","1","11","15","1","2","384","76","6","91","0","0","2","6","27","17","1401"
"14","2","2","12","10","0","2","18","87","5","62","0","0","0","2","58","19","789"
"7","1","0","7","15","0","13","15","128","6","8","0","2","0","4","31","24","1787"
"4","2","1","3","6","2","1","68","36","4","33","0","0","0","3","13","15","140"
"8","2","1","7","66","0","4","18","136","12","18","4","0","0","9","63","41","1099"
"7","1","1","7","21","0","5","0","99","7","8","0","0","5","0","36","35","341"
"2","1","1","1","6","1","3","0","16","4","8","1","1","2","3","10","7","77"
"4","1","1","3","105","0","16","0","325","15","8","2","3","6","12","52","89","269"
"1","3","1","0","0","0","3","4","0","1","19","0","0","3","1","1","0","2"
"9","2","3","6","78","1","5","0","101","13","18","0","0","5","9","42","32","702"
"4","4","1","3","10","0","1","14","35","5","60","1","0","0","1","14","17","2"
"5","3","2","3","6","0","4","5","33","4","31","0","0","4","2","11","16","353"
"4","3","1","3","6","0","1","143","23","4","40","0","0","1","3","10","7","473"
"18","3","1","17","21","0","4","380","163","7","38","1","0","3","7","63","32","1265"
"2","5","0","2","36","1","9","61","54","9","49","3","0","1","5","20","16","10394"
"2","1","2","0","0","0","0","0","0","1","8","0","0","0","1","1","0","14"
"2","3","1","1","1","0","0","387","11","2","32","0","0","0","2","7","4","270"
"7","1","2","5","78","0","1","0","82","13","8","1","0","0","13","46","18","463"
"6","4","2","4","6","0","0","384","29","4","48","0","0","0","4","16","10","117"
"7","1","5","2","15","1","3","0","39","6","8","0","0","2","6","19","12","67"
"13","4","1","12","3","0","7","61","61","3","45","0","0","0","2","32","13","79"
"4","2","1","3","28","0","7","0","49","8","26","7","0","0","8","21","14","84"
"3","2","1","2","3","0","1","0","62","3","13","1","1","0","1","14","8","347"
"23","1","5","18","10","0","4","0","200","5","8","4","3","0","2","85","50","1659"
"2","1","1","1","3","0","2","0","24","3","10","2","0","0","3","11","7","80"
"7","1","3","4","45","0","3","0","103","10","16","0","1","3","9","27","36","589"
"17","3","2","15","55","2","4","380","217","11","38","0","1","4","10","81","74","2869"
"2","2","2","0","0","0","0","2","3","1","33","0","0","0","1","1","1","130"
"3","3","1","2","3","0","3","1","21","3","31","3","0","0","3","5","5","123"
"19","1","3","16","36","0","6","12","271","9","11","0","4","6","4","116","79","1669"
"10","3","6","4","91","0","6","95","88","14","76","3","0","1","4","47","22","966"
"5","2","2","3","1","0","3","0","50","2","39","3","0","0","1","18","12","178"
"6","2","3","3","15","0","1","0","23","6","13","0","1","1","5","11","10","97"
"16","7","3","13","36","2","1","387","296","9","101","0","1","1","7","115","91","1694"
"19","1","4","16","190","0","17","26","332","20","8","0","1","16","17","76","43","4784"
"9","4","0","9","6","0","0","384","75","4","41","0","0","0","4","29","17","186"
"8","3","1","7","15","0","2","380","44","6","38","0","0","2","6","28","13","1790"
"3","2","1","2","28","0","8","0","127","8","25","8","0","0","7","24","20","318"
"7","1","0","7","6","0","2","0","50","4","0","2","1","0","3","28","14","105"
"6","3","1","5","36","0","0","38","50","9","116","0","0","0","5","28","12","736"
"1","5","0","1","36","0","4","61","40","9","49","0","0","0","5","14","12","6319"
"21","3","3","20","45","0","3","3","251","10","17","1","3","1","1","82","55","2649"
"1","7","1","0","1","0","3","12","3","2","52","0","0","3","2","2","1","37"
"2","6","1","1","6","0","0","386","29","4","85","0","0","0","4","11","4","570"
"4","1","3","1","28","0","2","0","28","8","8","2","0","0","8","16","9","197"
"1","6","1","0","10","0","1","11","13","5","47","1","0","0","4","5","4","12"
"8","6","4","5","15","2","1","386","62","6","95","0","0","1","5","21","12","603"
"2","1","2","0","3","0","2","0","15","3","23","1","0","0","3","7","4","157"
"1","1","0","1","1","0","1","0","6","2","9","0","0","1","2","3","2","110"
"5","5","5","0","1","0","1","55","7","2","139","1","0","0","2","3","2","0"
"6","3","1","6","120","0","7","95","110","16","73","4","0","0","6","59","27","932"
"9","6","2","7","10","2","3","385","66","5","95","0","0","3","2","29","17","466"
"15","2","2","14","78","0","3","19","269","13","37","0","1","3","2","89","66","2169"
"3","8","3","1","10","0","1","69","23","5","243","1","0","0","4","8","6","42"
"17","1","11","9","66","0","5","0","192","12","8","5","3","0","9","86","51","190"
"2","3","1","1","66","0","3","95","52","12","73","2","0","0","3","28","14","442"
"7","2","2","6","6","0","7","0","28","4","13","5","0","2","3","14","10","93"
"29","2","26","3","28","2","6","28","35","8","16","0","0","5","8","15","11","380"
"15","1","2","13","15","0","1","0","152","6","8","0","1","1","5","67","19","422"
"12","1","10","2","28","0","1","0","52","8","8","1","0","0","8","21","15","551"
"13","2","5","9","36","1","9","141","139","9","35","0","0","8","9","47","36","1935"
"22","2","1","22","91","0","3","68","343","14","33","1","0","0","3","107","117","2365"
"15","2","4","11","91","0","6","45","286","14","4","0","0","0","12","120","89","4108"
"5","2","1","4","91","0","5","95","107","14","68","3","0","0","5","53","27","784"
"3","7","1","2","6","0","0","387","14","4","101","0","0","0","2","12","4","71"
"12","4","2","10","28","0","1","28","64","8","91","0","1","0","2","38","17","724"
"6","1","1","5","231","1","11","0","275","22","25","0","0","0","18","83","62","3976"
"5","2","1","5","21","0","1","68","57","7","33","0","0","0","4","16","27","10"
"4","1","2","2","1","2","6","12","15","2","16","0","0","4","0","7","4","90"
"3","1","0","3","10","0","3","14","26","5","11","0","0","3","5","8","13","0"
"4","3","1","4","78","0","6","95","76","13","73","4","0","0","4","39","23","749"
"3","1","1","2","45","0","4","0","117","10","16","0","1","4","9","24","30","34"
"5","2","1","5","3","0","4","8","49","3","19","0","0","4","3","17","15","327"
"8","2","5","3","10","1","4","28","21","5","16","0","0","4","5","12","7","262"
"3","2","1","2","28","0","0","6","56","8","11","0","0","0","8","17","20","37"
"2","2","1","1","3","0","1","68","11","3","33","0","0","0","2","4","3","18"
"10","2","4","7","10","0","3","3","58","5","10","0","0","3","5","28","15","384"
"5","1","4","1","21","0","3","0","28","7","8","0","0","3","5","12","7","31"
"1","4","1","0","1","0","0","4","3","2","21","0","0","0","0","2","1","241"
"2","2","0","2","10","0","1","54","23","5","19","0","1","1","4","16","8","39"
"4","1","2","3","21","0","1","3","35","7","12","1","2","0","5","17","13","94"
"4","4","2","2","6","0","1","3","16","4","38","1","0","0","4","7","6","498"
"10","3","9","1","91","0","2","40","163","14","71","1","0","1","13","17","55","1179"
"7","3","5","3","105","0","5","95","80","15","76","3","0","0","5","43","21","740"
"3","3","1","2","3","0","3","1","22","3","31","3","0","0","3","6","5","148"
"8","2","0","8","28","0","0","2","52","8","18","0","3","0","5","34","19","234"
"6","1","1","5","36","0","3","0","118","9","16","0","2","3","7","31","33","0"
"6","6","0","6","21","1","1","385","128","7","79","0","0","0","7","20","47","844"
"4","1","2","2","21","0","4","0","79","7","8","0","1","4","6","17","26","481"
"10","4","1","9","15","1","3","384","72","6","69","0","0","3","6","37","18","936"
"5","3","1","4","78","0","3","95","97","13","73","2","0","0","3","42","20","641"
"11","1","9","2","6","0","5","0","35","4","8","0","0","0","4","10","10","821"
"1","1","1","0","1","0","3","0","8","2","8","0","0","3","2","2","2","24"
"2","1","0","2","3","0","2","0","29","3","0","0","0","2","1","15","8","0"
"5","5","2","3","36","1","7","67","63","9","47","0","0","0","7","30","29","1019"
"2","1","1","1","6","0","3","0","41","4","8","0","1","3","3","10","13","164"
"15","1","7","8","78","0","1","0","54","13","8","1","0","0","13","37","14","11218"
"4","1","0","4","55","0","9","0","117","11","8","8","0","0","11","34","18","9329"
"1","4","1","0","0","0","1","35","5","1","47","0","0","1","1","1","1","112"
"7","2","7","0","15","0","3","152","19","6","41","3","1","0","5","7","7","397"
"12","1","8","4","55","0","4","0","144","11","16","0","2","4","9","37","41","70"
"1","4","1","0","0","0","0","7","0","1","25","0","0","0","1","1","0","80"
"4","3","1","4","91","0","5","95","106","14","73","3","0","0","5","51","27","762"
"10","1","1","9","28","0","1","0","157","8","8","0","0","1","1","57","33","130"
"24","2","1","23","120","0","4","6","190","16","24","3","1","0","14","100","63","158"
"8","1","1","7","6","0","2","0","37","4","8","2","0","0","4","20","9","39"
"3","7","1","2","6","0","2","387","13","4","101","0","0","2","2","12","4","71"
"5","6","1","4","1","0","0","388","15","2","81","0","0","0","2","9","4","34"
"3","2","1","2","21","0","1","4","26","7","33","0","0","1","7","10","8","279"
"12","1","6","6","105","0","15","0","189","15","8","0","0","4","13","81","66","932"
"3","1","2","1","6","0","0","0","55","4","8","0","1","0","3","21","12","6"
"7","3","4","3","28","0","0","20","312","8","84","0","0","0","8","18","75","494"
"12","4","10","2","28","4","0","384","42","8","69","0","0","0","8","18","13","677"
"20","3","4","16","45","4","3","25","126","10","82","0","1","0","2","83","27","986"
"5","3","3","2","3","0","3","1","22","3","31","3","0","0","3","6","5","152"
"3","1","1","2","45","0","4","0","143","10","8","0","3","4","7","39","37","440"
"19","1","11","8","91","0","3","0","219","14","8","3","2","0","12","109","69","9404"
"5","2","5","0","10","0","1","152","27","5","41","1","1","0","4","6","5","294"
"6","3","1","5","91","0","5","95","106","14","73","3","0","0","5","53","27","796"
"9","1","4","5","36","1","3","0","99","9","38","3","4","0","5","44","25","80"
"8","1","5","3","28","1","1","0","89","8","12","0","1","0","6","43","22","764"
"1","2","1","0","6","0","1","18","28","4","62","0","0","0","1","8","7","50"
"22","5","4","19","210","0","2","62","185","21","202","1","1","0","13","86","47","3464"
"13","4","2","13","66","0","7","38","412","12","80","2","3","5","9","81","105","2471"
"18","3","12","6","91","0","7","95","108","14","75","5","0","0","4","49","26","996"
"5","3","1","4","10","1","1","10","36","5","59","0","0","1","1","12","8","376"
"5","3","1","4","190","0","9","95","158","20","73","5","0","0","9","74","42","1461"
"3","1","2","1","21","0","4","0","71","7","8","0","1","4","6","11","22","506"
"5","1","4","1","3","0","1","0","12","3","8","0","0","1","3","7","3","2"
"4","2","2","2","6","0","4","0","25","4","21","4","0","0","3","7","6","162"
"11","3","0","11","21","0","5","380","92","7","38","0","0","5","7","34","20","1068"
"4","4","1","3","78","0","4","96","67","13","88","2","0","0","2","41","18","516"
"4","3","2","2","36","0","1","95","31","9","75","1","0","0","1","19","9","127"
"2","1","1","1","6","0","3","0","43","4","8","0","1","3","3","11","14","34"
"2","2","1","1","3","1","0","2","10","3","33","0","0","0","2","5","3","0"
"4","8","2","3","21","0","4","69","41","7","234","4","0","0","6","17","10","13"
"0","2","0","0","10","2","0","0","15","5","13","0","0","0","3","7","5","638"
"2","1","2","0","10","6","1","0","15","5","8","1","0","0","5","5","5","6127"
"9","2","7","2","300","0","15","95","96","25","70","2","0","0","16","43","28","2127"
"6","1","6","0","10","2","5","0","0","5","8","0","0","0","5","5","0","18"
"1","6","0","1","28","0","1","384","32","8","79","0","0","0","8","13","9","335"
"5","2","2","3","15","0","1","141","27","6","35","0","0","1","6","14","8","330"
"9","1","7","2","66","0","4","0","78","12","8","0","0","4","12","21","25","720"
"6","2","4","3","66","0","3","95","53","12","68","2","0","0","3","30","14","214"
"20","5","10","11","28","4","2","384","105","8","87","0","0","2","6","55","37","754"
"4","3","1","3","3","0","2","1","15","3","31","2","0","0","3","8","4","79"
"2","2","0","2","10","26","0","95","15","5","68","0","0","0","4","13","5","322"
"21","3","0","21","28","1","1","34","124","8","78","1","2","0","1","78","38","1330"
"13","4","1","12","28","0","7","381","158","8","46","0","0","6","8","70","25","1808"
"3","5","1","2","6","0","0","34","28","4","87","0","0","0","1","13","10","375"
"7","3","1","6","66","0","2","38","62","12","119","0","0","0","8","33","16","978"
"8","1","3","5","136","1","21","0","127","17","8","1","0","0","1","31","34","347"
"13","3","2","11","21","0","1","25","57","7","82","0","0","0","3","31","14","649"
"5","4","5","0","0","0","1","6","3","1","27","1","0","0","1","1","1","115"
"7","3","2","5","91","0","5","95","106","14","73","3","0","0","5","53","27","796"
"5","3","1","4","91","0","5","95","106","14","73","3","0","0","5","51","27","414"
"4","2","4","0","66","0","1","152","38","12","41","1","1","0","11","14","12","428"
"20","6","9","12","105","0","6","61","186","15","207","1","0","4","14","100","49","1227"
"4","1","1","3","3","0","1","0","36","3","10","0","0","1","3","18","7","296"
"37","1","35","2","91","0","15","0","136","14","8","3","2","0","12","34","52","949"
"6","4","1","5","15","0","4","61","146","6","45","0","0","3","3","34","46","274"
"11","3","6","6","153","0","9","97","136","18","84","4","0","0","4","69","37","1352"
"4","1","3","1","10","0","7","0","26","5","8","0","0","7","5","11","6","395"
"15","2","4","11","171","1","6","6","152","19","24","3","1","0","14","76","56","104"
"8","1","3","5","78","0","11","0","99","13","8","0","0","5","12","34","29","1176"
"7","1","0","7","1","0","10","0","21","2","0","8","0","2","1","28","3","2485"
"4","2","0","4","10","0","2","0","306","5","22","2","2","0","3","222","56","65"
"7","2","3","4","91","0","5","5","121","14","13","2","1","0","13","72","35","156"
"4","3","1","3","136","0","7","95","132","17","73","4","0","0","7","62","33","1161"
"2","3","1","1","36","0","1","95","31","9","73","1","0","0","1","18","9","316"
"10","1","6","5","171","2","4","2","149","19","8","3","0","0","1","78","33","26"
"4","3","2","2","55","0","3","95","45","11","73","2","0","0","2","27","13","414"
"3","5","3","0","1","0","1","54","7","2","138","1","0","0","2","3","2","0"
"1","1","0","1","1","0","6","0","21","2","23","1","0","3","2","8","4","35"
"0","1","0","0","1","0","2","0","6","2","8","0","1","0","1","2","2","0"
"7","1","6","1","1","0","313","0","6","2","0","1","1","312","1","3","2","81"
"14","4","2","12","36","0","0","28","77","9","91","0","2","0","2","45","22","612"
"7","2","2","6","6","0","1","18","38","4","62","0","0","1","2","25","6","142"
"4","2","1","3","3","0","2","2","37","3","15","2","0","0","2","11","10","72"
"0","1","0","0","1","0","0","0","6","2","8","0","1","0","1","3","2","20"
"25","4","11","14","210","0","3","384","431","21","69","0","2","3","19","139","138","5594"
"18","3","2","18","28","0","2","15","149","8","17","0","4","0","0","77","29","1138"
"16","1","4","13","120","0","214","201","329","16","8","0","3","6","11","108","63","31245"
"10","3","5","6","171","0","10","95","156","19","73","6","0","0","7","73","40","1378"
"2","1","1","1","6","0","3","0","28","4","10","2","0","0","3","12","7","104"
"17","5","10","7","45","2","5","56","115","10","197","0","0","5","10","22","37","1425"
"3","7","3","1","10","1","1","69","23","5","229","1","0","0","4","9","6","46"
"0","1","0","0","231","0","0","0","66","22","30","0","0","0","22","22","22","454"
"31","1","2","29","91","0","18","0","648","14","8","17","11","1","3","138","155","64"
"9","3","2","8","210","0","9","97","170","21","84","4","0","0","8","88","43","1068"
"14","1","2","12","28","2","4","0","246","8","8","1","4","1","0","53","55","11"
"5","2","2","3","15","0","5","9","37","6","23","5","0","0","6","13","10","4"
"4","1","3","1","45","1","2","0","44","10","8","0","0","0","9","19","13","16"
"7","3","2","6","6","1","1","13","95","4","55","0","0","0","2","29","22","233"
"2","2","2","0","0","1","2","5","4","1","25","1","0","1","1","1","1","127"
"8","2","4","4","171","2","3","7","233","19","40","0","0","0","14","60","44","1845"
"7","5","5","2","45","2","3","8","34","10","37","0","0","0","7","13","9","708"
"4","3","2","2","6","0","5","388","27","4","33","0","0","5","4","8","8","14"
"2","1","1","1","36","0","4","0","94","9","8","0","1","4","8","23","36","1266"
"1","4","1","0","0","0","0","3","3","1","38","0","0","0","1","1","1","202"
"8","4","3","6","66","1","22","61","180","12","45","0","0","15","6","56","64","3232"
"14","1","1","14","210","0","2","0","195","21","21","0","0","0","16","77","29","2550"
"8","3","3","5","6","0","4","150","54","4","44","0","0","4","4","14","7","638"
"20","4","4","16","105","1","2","384","221","15","69","0","0","2","13","89","77","2162"
"1","1","1","0","1","0","4","0","12","2","8","0","0","4","1","2","4","40"
"1","1","1","0","1","1","9","0","3","2","8","0","0","0","2","2","1","301"
"3","3","1","2","6","0","1","10","32","4","59","1","0","0","1","16","8","298"
"3","2","2","1","3","0","0","84","10","3","16","0","0","0","1","5","3","28"
"12","4","2","10","15","0","1","28","59","6","91","0","0","0","2","27","17","559"
"2","1","1","1","120","0","5","0","78","16","8","2","0","0","16","39","20","522"
"2","1","2","0","0","0","2","0","3","1","23","1","0","0","1","1","1","28"
"7","1","4","3","1","0","0","0","11","2","8","0","0","0","2","9","3","35"
"3","3","1","2","21","0","1","2","32","7","17","1","0","0","7","13","9","67"
"3","3","1","2","3","0","3","1","22","3","31","3","0","0","3","6","5","148"
"4","2","4","0","66","0","2","152","40","12","41","2","1","0","11","14","13","375"
"13","3","5","10","231","0","20","119","468","22","40","0","0","20","22","81","139","2829"
"3","4","1","2","0","0","2","43","10","1","33","0","0","2","1","5","1","262"
"2","2","2","0","0","0","0","2","3","1","33","0","0","0","1","1","1","130"
"2","2","1","1","15","0","3","1","30","6","12","0","0","0","6","13","9","366"
"11","2","1","11","66","0","1","68","222","12","33","0","0","0","4","71","87","684"
"3","1","3","0","6","0","0","0","10","4","8","0","0","0","4","5","1","8"
"2","3","2","0","0","0","3","4","0","1","19","0","0","3","1","1","0","12"
"8","4","2","7","171","0","9","99","118","19","100","3","0","0","3","63","30","953"
"1","2","1","0","0","0","0","2","3","1","33","0","0","0","1","1","1","130"
"3","6","2","1","55","0","8","385","63","11","95","1","0","3","10","24","19","387"
"4","3","1","3","105","0","5","95","96","15","73","3","0","0","5","48","25","835"
"4","1","2","3","15","7","3","5","24","6","13","0","0","0","5","13","7","302"
"2","3","1","1","1","0","1","1","7","2","30","1","0","0","2","3","2","114"
"7","3","2","5","120","0","7","95","108","16","73","4","0","0","6","59","27","841"
"8","2","6","2","91","2","0","95","15","14","68","0","0","0","10","19","5","403"
"2","5","2","0","3","1","0","388","16","3","78","0","0","0","3","6","5","157"
"4","6","0","4","10","0","2","385","85","5","79","0","0","1","5","16","16","569"
"12","3","1","11","15","0","7","380","232","6","38","2","0","5","6","85","40","1746"
"6","1","3","3","1","0","1","0","51","2","8","1","0","0","2","18","11","0"
"0","3","0","0","1","0","1","159","6","2","30","1","0","0","1","2","2","156"
"4","3","1","3","15","1","3","2","51","6","19","1","1","0","5","20","14","259"
"35","2","27","8","55","19","0","380","99","11","27","0","0","0","11","38","21","1266"
"9","2","5","5","153","0","8","95","121","18","68","5","0","0","8","61","31","1162"
"4","4","2","3","21","1","1","52","30","7","127","0","0","1","4","15","11","320"
"29","2","2","28","120","0","5","28","282","16","25","1","3","4","7","106","60","6378"
"5","1","2","3","55","0","5","0","78","11","8","0","0","4","11","24","23","529"
"2","6","0","2","21","0","1","384","38","7","79","0","0","0","7","14","11","327"
"3","5","3","0","10","0","2","8","12","5","33","0","0","0","3","6","4","339"
"7","3","0","7","15","0","1","2","38","6","17","1","0","0","6","22","8","509"
"4","2","1","3","15","0","5","0","28","6","24","5","0","0","5","11","8","92"
"20","5","2","18","231","4","10","384","547","22","85","0","0","7","22","197","168","7780"
"13","2","1","13","10","0","0","18","141","5","62","0","0","0","2","66","31","1451"
"7","2","1","7","55","1","8","4","186","11","33","0","0","8","11","36","56","944"
"11","1","5","9","21","0","2","0","128","7","8","1","1","0","6","59","20","1131"
"17","5","11","6","276","0","10","9","193","24","42","0","0","0","20","54","56","1970"
"2","1","1","1","6","0","1","0","17","4","11","0","0","1","3","10","5","201"
"15","1","12","3","45","5","3","0","67","10","8","0","0","3","9","15","14","2168"
"4","2","2","2","66","0","3","95","63","12","68","2","0","0","3","32","17","218"
"6","3","1","5","36","0","3","135","123","9","67","0","0","3","2","26","34","47"
"14","7","3","13","91","1","0","69","81","14","229","0","0","0","11","59","23","550"
"16","2","1","15","153","0","2","133","638","18","46","2","1","0","2","220","113","1307"
"18","2","8","10","6","2","4","380","189","4","27","0","0","4","4","78","60","605"
"6","3","2","5","171","0","10","95","137","19","73","6","0","0","9","72","38","1261"
"4","3","1","3","6","0","5","1","33","4","31","5","0","0","4","9","7","102"
"7","6","2","5","6","0","0","386","38","4","95","0","0","0","3","22","10","372"
"5","2","3","2","28","0","2","0","35","8","16","2","0","0","8","16","15","0"
"12","5","1","11","78","0","0","67","127","13","194","0","2","0","7","77","27","1213"
"2","5","2","0","1","0","1","54","7","2","143","1","0","0","2","3","2","0"
"6","6","0","6","28","1","3","385","110","8","79","0","0","1","8","25","35","695"
"9","2","0","9","21","0","3","19","144","7","15","0","2","2","0","49","20","881"
"7","3","2","6","153","0","5","95","123","18","73","3","1","0","6","60","31","1097"
"10","2","1","9","45","1","5","18","155","10","18","0","0","0","10","77","37","1468"
"17","1","1","16","15","0","2","12","140","6","11","0","2","2","4","55","31","427"
"0","1","0","0","0","0","1","0","3","1","22","1","0","0","1","1","1","178"
"19","2","1","18","55","0","10","17","240","11","19","6","3","2","6","109","48","1971"
"5","1","1","4","28","1","0","0","23","8","8","0","0","0","8","25","7","477"
"11","2","1","10","6","0","5","12","44","4","31","0","0","0","4","27","12","460"
"6","2","2","4","15","1","5","1","50","6","12","0","0","5","6","18","12","614"
"10","1","3","7","10","1","3","0","64","5","8","0","0","3","0","39","18","161"
"12","2","2","10","153","0","10","9","370","18","10","8","13","2","5","110","75","3122"
"5","2","1","5","105","0","5","95","109","15","68","3","0","0","6","56","28","735"
"2","3","1","1","1","0","0","387","12","2","32","0","0","0","2","7","4","272"
"8","2","1","8","6","0","0","18","41","4","62","0","0","0","2","29","8","108"
"6","2","4","2","6","0","3","0","18","4","15","2","0","1","3","6","6","23"
"8","4","1","7","15","0","3","384","142","6","69","0","0","3","6","44","38","1339"
"2","5","0","2","6","0","1","69","13","4","54","1","0","0","2","8","4","0"
"7","3","1","7","120","0","7","95","141","16","73","4","0","0","7","70","35","1233"
"1","1","1","0","120","1","12","0","105","16","15","0","0","0","16","40","27","965"
"1","1","1","0","0","0","0","0","3","1","8","0","0","0","0","3","1","889"
"2","1","1","1","0","0","2","0","4","1","23","1","0","1","1","2","1","23"
"2","3","0","2","1","0","1","6","15","2","18","1","0","0","2","6","4","32"
"7","2","1","6","21","0","0","28","57","7","25","0","0","0","3","17","8","775"
"1","6","1","0","21","0","2","385","23","7","98","1","0","1","6","12","7","41"
"3","2","3","0","3","0","1","0","12","3","10","0","0","1","3","8","3","904"
"9","3","1","8","21","0","1","388","222","7","33","0","3","1","4","47","74","76"
"3","5","2","1","3","0","1","53","10","3","134","1","0","0","3","5","3","0"
"7","1","4","4","45","1","0","0","30","10","8","0","0","0","9","20","8","814"
"4","3","4","0","0","1","1","6","3","1","26","1","0","0","1","1","1","115"
"16","2","7","9","78","0","10","4","184","13","33","4","0","3","13","36","39","74"
"4","2","1","3","28","0","7","0","38","8","26","7","0","0","8","15","10","57"
"2","1","1","1","36","0","4","0","94","9","8","0","1","4","8","24","36","1266"
"20","1","13","7","36","0","8","0","149","9","8","2","0","6","6","54","37","1306"
"3","2","1","2","21","0","10","3","72","7","21","7","0","3","6","32","17","649"
"5","8","1","4","3","0","0","388","43","3","109","0","0","0","3","15","7","256"
"12","5","1","11","3","0","1","67","43","3","47","0","0","1","2","25","11","488"
"6","3","1","5","105","0","3","95","166","15","73","2","0","0","5","76","41","1337"
"14","3","1","13","21","0","0","22","231","7","68","0","1","0","1","74","53","444"
"1","1","1","0","0","0","6","0","3","1","23","1","0","1","1","1","1","333"
"4","2","1","3","6","0","1","11","24","4","22","0","0","1","4","10","9","923"
"1","2","1","0","6","0","1","0","26","4","11","0","0","1","3","12","6","58"
"13","1","3","10","10","0","1","0","129","5","8","1","0","0","5","36","43","36"
"4","8","2","2","21","0","6","388","67","7","109","1","0","1","7","25","16","328"
"2","2","1","1","3","0","2","2","12","3","33","2","0","0","3","4","3","244"
"2","1","0","2","6","0","3","0","60","4","8","0","1","0","3","16","22","59"
"2","1","1","1","6","0","3","0","44","4","8","0","1","3","3","10","14","166"
"15","3","2","13","91","0","4","15","128","14","70","4","0","0","1","46","43","9"
"3","3","1","2","3","0","3","1","21","3","31","3","0","0","3","5","5","106"
"6","1","5","1","3","0","6","0","11","3","8","1","0","2","3","5","3","325"
"5","3","3","2","6","1","1","3","25","4","17","0","0","0","1","7","5","593"
"2","3","1","1","3","0","1","32","10","3","21","0","0","1","3","6","3","2"
"4","3","1","3","105","0","5","95","97","15","73","3","0","0","5","48","25","881"
"10","1","2","8","153","2","1","39","137","18","8","0","1","1","15","78","40","3894"
"5","1","3","2","15","0","2","2","21","6","10","2","0","0","6","9","8","8"
"0","4","0","0","1","0","1","43","7","2","33","0","0","1","2","2","3","0"
"2","2","1","1","10","0","3","0","29","5","11","3","2","0","3","6","17","159"
"6","3","1","5","120","0","7","95","128","16","73","4","0","0","7","64","32","1010"
"7","5","1","6","10","0","3","69","100","5","54","0","0","3","3","31","25","1029"
"13","1","1","13","66","0","2","0","254","12","8","0","9","2","3","116","68","87"
"2","6","2","0","0","0","2","74","7","1","56","0","0","0","1","2","1","543"
"8","1","1","7","45","0","15","0","166","10","8","0","0","1","5","69","43","583"
"3","1","2","2","21","0","4","0","79","7","8","0","1","4","6","17","25","480"
"3","7","3","1","10","1","1","70","23","5","255","1","0","0","4","9","6","47"
"33","4","11","23","190","2","0","52","312","20","141","0","0","0","14","150","94","1450"
"0","1","0","0","0","0","1","204","0","0","8","0","0","0","0","0","0","478"
"10","1","5","5","78","0","0","0","235","13","8","0","3","0","10","70","68","29"
"4","3","1","3","78","0","4","95","75","13","73","3","0","0","4","39","19","615"
"3","3","1","3","66","0","3","95","72","12","73","2","0","0","3","37","19","543"
"3","6","1","2","10","0","3","386","46","5","85","1","0","2","5","15","9","14"
"10","1","4","7","36","1","6","5","75","9","13","0","0","0","9","31","23","2163"
"11","3","0","11","15","0","5","380","163","6","38","2","0","3","6","60","32","1879"
"0","1","0","0","0","0","3","0","4","1","23","1","0","2","1","1","1","213"
"3","3","1","2","231","0","1","19","66","22","27","0","0","1","22","25","22","1068"
"3","1","3","0","1","0","0","0","3","2","8","0","0","0","2","2","1","18"
"16","2","1","16","55","0","1","68","256","11","33","0","0","0","4","60","85","896"
"2","1","1","1","3","0","4","0","18","3","8","4","0","0","3","8","4","163"
"2","1","1","1","10","1","4","0","38","5","8","0","0","3","5","9","5","1047"
"7","3","0","7","6","0","3","19","44","4","67","0","0","3","3","21","9","7537"
"10","3","1","9","105","0","1","50","89","15","118","0","0","0","9","39","27","952"
"12","3","1","11","10","0","3","19","152","5","67","0","3","3","1","58","36","76"
"3","4","1","2","55","0","2","96","54","11","88","1","0","0","1","32","15","420"
"9","4","3","6","36","2","8","61","240","9","45","0","0","7","5","53","65","5878"
"3","7","1","2","3","0","0","384","16","3","99","0","0","0","3","10","5","338"
"110","1","70","61","7381","0","97","0","2475","122","8","35","38","31","74","1026","489","27980"
"15","1","7","8","36","0","4","0","70","9","8","1","0","0","7","40","15","1464"
"6","2","1","5","45","0","5","0","72","10","18","0","0","5","8","39","22","334"
"15","2","0","15","21","0","2","8","195","7","19","1","0","1","6","77","51","2206"
"12","6","6","6","28","2","0","384","41","8","91","0","0","0","8","18","10","553"
"3","1","1","2","6","0","2","0","42","4","8","0","1","2","3","11","10","428"
"4","6","0","4","10","0","1","385","85","5","79","0","0","1","5","16","16","508"
"5","1","2","3","36","0","5","0","115","9","16","0","1","4","8","24","31","94"
"5","3","1","5","10","0","1","12","40","5","45","1","0","0","2","17","10","128"
"2","3","1","1","10","0","2","387","18","5","35","2","0","0","5","9","5","43"
"2","1","2","0","10","0","0","0","0","5","8","0","0","0","5","5","0","0"
"7","3","1","7","6","0","16","37","166","4","72","0","0","7","3","34","38","342"
"15","1","5","10","36","0","3","0","74","9","8","3","1","0","8","37","19","520"
"8","4","4","4","105","0","5","97","110","15","79","3","0","0","5","58","28","827"
"5","3","1","5","120","0","8","95","101","16","73","5","0","0","6","54","29","978"
"1","1","1","0","1","0","0","0","3","2","8","0","0","0","2","2","1","84"
"2","1","1","1","21","0","4","0","74","7","8","0","1","4","6","11","22","45"
"4","2","1","3","28","0","7","0","38","8","26","7","0","0","8","15","10","232"
"4","1","2","2","15","1","1","0","32","6","8","0","0","1","1","10","15","10"
"2","2","1","1","0","0","0","2","4","1","33","0","0","0","1","2","1","10"
"4","2","3","1","6","0","0","7","27","4","17","0","1","0","3","7","11","53"
"26","1","2","25","21","0","8","0","162","7","8","0","0","8","2","61","37","2596"
"2","1","1","1","3","0","1","0","12","3","0","1","0","0","3","8","3","8"
"8","4","1","7","120","0","2","50","89","16","174","0","0","0","7","45","22","1109"
"5","6","2","3","45","0","6","386","63","10","95","1","0","1","9","27","17","434"
"6","5","3","3","10","0","2","388","34","5","78","1","0","1","5","14","9","267"
"3","6","0","3","15","0","1","385","72","6","79","0","1","1","5","16","18","458"
"6","4","2","4","66","1","2","52","57","12","131","0","0","0","8","30","18","478"
"3","1","2","1","3","0","1","0","13","3","8","0","0","0","2","4","4","216"
"12","5","3","9","55","1","0","68","67","11","199","0","0","0","7","41","19","662"
"3","2","1","2","3","0","1","8","25","3","19","0","0","1","3","8","8","600"
"4","5","4","0","36","2","3","384","34","9","85","0","0","3","9","9","11","365"
"8","3","1","8","210","0","9","97","141","21","84","4","0","0","8","78","36","1181"
"20","3","1","20","78","0","1","69","274","13","37","0","0","0","2","89","100","942"
"21","6","3","19","78","1","0","69","120","13","216","0","0","0","10","67","34","735"
"6","3","1","5","55","0","6","5","107","11","40","0","0","6","11","21","34","508"
"3","8","1","2","3","0","0","388","21","3","110","0","0","0","3","11","4","12"
"3","3","1","2","3","0","1","58","15","3","37","0","0","0","0","9","5","4"
"2","4","1","1","6","0","4","384","23","4","41","1","0","1","4","10","5","12"
"8","3","4","4","91","0","6","95","107","14","76","3","0","1","5","53","27","766"
"2","1","1","1","3","1","6","0","19","3","8","0","0","0","1","4","3","100"
"4","1","4","0","28","0","2","0","24","8","8","0","0","2","8","8","8","441"
"14","7","2","12","45","1","1","387","244","10","101","0","1","1","8","91","61","1315"
"3","2","1","2","3","0","4","8","79","3","19","0","0","4","3","19","11","274"
"7","2","4","3","21","0","5","1","71","7","12","0","1","0","6","24","19","711"
"9","5","1","9","78","0","0","57","129","13","202","0","0","0","12","78","33","1137"
"16","2","1","15","55","0","4","18","281","11","62","0","3","3","4","78","37","1232"
"2","2","2","0","0","0","0","2","3","1","33","0","0","0","1","1","1","132"
"2","1","2","0","0","0","1","0","3","1","23","1","0","0","1","1","1","193"
"3","3","1","2","3","0","2","1","11","3","31","2","0","0","2","5","3","86"
"3","5","1","2","3","0","2","387","17","3","75","0","0","2","3","10","4","327"
"11","1","1","10","36","0","2","12","198","9","11","0","3","2","5","65","66","1954"
"2","1","2","0","0","0","1","0","3","1","23","1","0","0","1","1","1","157"
"1","5","1","0","3","5","1","384","11","3","76","0","0","1","3","3","3","249"
"18","3","5","13","45","0","0","274","308","10","103","0","0","0","10","118","94","4292"
"2","3","1","1","1","0","0","387","12","2","32","0","0","0","2","7","4","272"
"0","1","0","0","1","2","3","0","3","2","8","0","0","2","2","2","1","2284"
"9","6","2","7","15","1","3","386","48","6","95","0","1","3","3","27","14","478"
"35","3","25","10","153","9","11","52","306","18","27","2","0","6","6","94","88","1009"
"7","2","0","7","190","0","2","6","87","20","30","2","0","0","19","47","29","35"
"","","","","","","","","","","","","","","","","",""
"","","","","","","","","","","","","","","","","",""
"","","","","","","","","","","","","","","","","",""
"","","","","","","","","","","","","","","","","",""
"","","","","","","","","","","","","","","","","",""
"","","","","","","","","","","","","","","","","",""
"","","","","","","","","","","","","","","","","",""
"","","","","","","","","","","","","","","","","",""
"","","","","","","","","","","","","","","","","",""
"","","","","","","","","","","","","","","","","",""
"","","","","","","","","","","","","","","","","",""
"","","","","","","","","","","","","","","","","",""
"","","","","","","","","","","","","","","","","",""
"","","","","","","","","","","","","","","","","",""
"","","","","","","","","","","","","","","","","",""
"","","","","","","","","","","","","","","","","",""
"","","","","","","","","","","","","","","","","",""
"","","","","","","","","","","","","","","","","",""
"","","","","","","","","","","","","","","","","",""
"","","","","","","","","","","","","","","","","",""
"","","","","","","","","","","","","","","","","",""
"","","","","","","","","","","","","","","","","",""
"","","","","","","","","","","","","","","","","",""
"","","","","","","","","","","","","","","","","",""
"","","","","","","","","","","","","","","","","",""
"","","","","","","","","","","","","","","","","",""
"","","","","","","","","","","","","","","","","",""
"","","","","","","","","","","","","","","","","",""
"","","","","","","","","","","","","","","","","",""
"","","","","","","","","","","","","","","","","",""
"","","","","","","","","","","","","","","","","",""
"","","","","","","","","","","","","","","","","",""
"","","","","","","","","","","","","","","","","",""
"","","","","","","","","","","","","","","","","",""
"","","","","","","","","","","","","","","","","",""
"","","","","","","","","","","","","","","","","",""
"","","","","","","","","","","","","","","","","",""
"","","","","","","","","","","","","","","","","",""
"","","","","","","","","","","","","","","","","",""
"","","","","","","","","","","","","","","","","",""
"","","","","","","","","","","","","","","","","",""
"","","","","","","","","","","","","","","","","",""
"","","","","","","","","","","","","","","","","",""
"","","","","","","","","","","","","","","","","",""
"","","","","","","","","","","","","","","","","",""
"","","","","","","","","","","","","","","","","",""
"","","","","","","","","","","","","","","","","",""
"","","","","","","","","","","","","","","","","",""
"","","","","","","","","","","","","","","","","",""
"","","","","","","","","","","","","","","","","",""
"","","","","","","","","","","","","","","","","",""
"","","","","","","","","","","","","","","","","",""
"","","","","","","","","","","","","","","","","",""
"","","","","","","","","","","","","","","","","",""
"","","","","","","","","","","","","","","","","",""
"","","","","","","","","","","","","","","","","",""
"","","","","","","","","","","","","","","","","",""
"","","","","","","","","","","","","","","","","",""
"","","","","","","","","","","","","","","","","",""
"","","","","","","","","","","","","","","","","",""
"","","","","","","","","","","","","","","","","",""
"","","","","","","","","","","","","","","","","",""
"","","","","","","","","","","","","","","","","",""
"","","","","","","","","","","","","","","","","",""
"","","","","","","","","","","","","","","","","",""
"","","","","","","","","","","","","","","","","",""
"","","","","","","","","","","","","","","","","",""
"","","","","","","","","","","","","","","","","",""
"","","","","","","","","","","","","","","","","",""
"","","","","","","","","","","","","","","","","",""
"","","","","","","","","","","","","","","","","",""
"","","","","","","","","","","","","","","","","",""
"","","","","","","","","","","","","","","","","",""
"","","","","","","","","","","","","","","","","",""
"","","","","","","","","","","","","","","","","",""
"","","","","","","","","","","","","","","","","",""
"","","","","","","","","","","","","","","","","",""
"","","","","","","","","","","","","","","","","",""
"","","","","","","","","","","","","","","","","",""
"","","","","","","","","","","","","","","","","",""
"","","","","","","","","","","","","","","","","",""
"","","","","","","","","","","","","","","","","",""
"","","","","","","","","","","","","","","","","",""
"","","","","","","","","","","","","","","","","",""
"","","","","","","","","","","","","","","","","",""
"","","","","","","","","","","","","","","","","",""
"","","","","","","","","","","","","","","","","",""
"","","","","","","","","","","","","","","","","",""
"","","","","","","","","","","","","","","","","",""
"","","","","","","","","","","","","","","","","",""
"","","","","","","","","","","","","","","","","",""
"","","","","","","","","","","","","","","","","",""
"","","","","","","","","","","","","","","","","",""
"","","","","","","","","","","","","","","","","",""
"","","","","","","","","","","","","","","","","",""
"","","","","","","","","","","","","","","","","",""
"","","","","","","","","","","","","","","","","",""
"","","","","","","","","","","","","","","","","",""
"","","","","","","","","","","","","","","","","",""
"","","","","","","","","","","","","","","","","",""
"","","","","","","","","","","","","","","","","",""
"","","","","","","","","","","","","","","","","",""
"","","","","","","","","","","","","","","","","",""
"","","","","","","","","","","","","","","","","",""
"","","","","","","","","","","","","","","","","",""
"","","","","","","","","","","","","","","","","",""
"","","","","","","","","","","","","","","","","",""
"","","","","","","","","","","","","","","","","",""
"","","","","","","","","","","","","","","","","",""
"","","","","","","","","","","","","","","","","",""
"","","","","","","","","","","","","","","","","",""
"","","","","","","","","","","","","","","","","",""
"","","","","","","","","","","","","","","","","",""
"","","","","","","","","","","","","","","","","",""
"","","","","","","","","","","","","","","","","",""
"","","","","","","","","","","","","","","","","",""
"","","","","","","","","","","","","","","","","",""
"","","","","","","","","","","","","","","","","",""
"","","","","","","","","","","","","","","","","",""
"","","","","","","","","","","","","","","","","",""
"","","","","","","","","","","","","","","","","",""
"","","","","","","","","","","","","","","","","",""
"","","","","","","","","","","","","","","","","",""
"","","","","","","","","","","","","","","","","",""
"","","","","","","","","","","","","","","","","",""
"","","","","","","","","","","","","","","","","",""
"","","","","","","","","","","","","","","","","",""
"","","","","","","","","","","","","","","","","",""
"","","","","","","","","","","","","","","","","",""
"","","","","","","","","","","","","","","","","",""
"","","","","","","","","","","","","","","","","",""
"","","","","","","","","","","","","","","","","",""
"","","","","","","","","","","","","","","","","",""
"","","","","","","","","","","","","","","","","",""
"","","","","","","","","","","","","","","","","",""
"","","","","","","","","","","","","","","","","",""
"","","","","","","","","","","","","","","","","",""
"","","","","","","","","","","","","","","","","",""
"","","","","","","","","","","","","","","","","",""
"","","","","","","","","","","","","","","","","",""
"","","","","","","","","","","","","","","","","",""
"","","","","","","","","","","","","","","","","",""
"","","","","","","","","","","","","","","","","",""
"","","","","","","","","","","","","","","","","",""
"","","","","","","","","","","","","","","","","",""
"","","","","","","","","","","","","","","","","",""
"","","","","","","","","","","","","","","","","",""
"","","","","","","","","","","","","","","","","",""
"","","","","","","","","","","","","","","","","",""
"","","","","","","","","","","","","","","","","",""
"","","","","","","","","","","","","","","","","",""
"","","","","","","","","","","","","","","","","",""
"","","","","","","","","","","","","","","","","",""
"","","","","","","","","","","","","","","","","",""
"","","","","","","","","","","","","","","","","",""
"","","","","","","","","","","","","","","","","",""
"","","","","","","","","","","","","","","","","",""
"","","","","","","","","","","","","","","","","",""
"","","","","","","","","","","","","","","","","",""
"","","","","","","","","","","","","","","","","",""
"","","","","","","","","","","","","","","","","",""
"","","","","","","","","","","","","","","","","",""
"","","","","","","","","","","","","","","","","",""
"","","","","","","","","","","","","","","","","",""
"","","","","","","","","","","","","","","","","",""
"","","","","","","","","","","","","","","","","",""
"","","","","","","","","","","","","","","","","",""
"","","","","","","","","","","","","","","","","",""
"","","","","","","","","","","","","","","","","",""
"","","","","","","","","","","","","","","","","",""
"","","","","","","","","","","","","","","","","",""
"","","","","","","","","","","","","","","","","",""
"","","","","","","","","","","","","","","","","",""
"","","","","","","","","","","","","","","","","",""
"","","","","","","","","","","","","","","","","",""
"","","","","","","","","","","","","","","","","",""
"","","","","","","","","","","","","","","","","",""
"","","","","","","","","","","","","","","","","",""
"","","","","","","","","","","","","","","","","",""
"","","","","","","","","","","","","","","","","",""
"","","","","","","","","","","","","","","","","",""
"","","","","","","","","","","","","","","","","",""
"","","","","","","","","","","","","","","","","",""
"","","","","","","","","","","","","","","","","",""
"","","","","","","","","","","","","","","","","",""
"","","","","","","","","","","","","","","","","",""
"","","","","","","","","","","","","","","","","",""
"","","","","","","","","","","","","","","","","",""
"","","","","","","","","","","","","","","","","",""
"","","","","","","","","","","","","","","","","",""
"","","","","","","","","","","","","","","","","",""
"","","","","","","","","","","","","","","","","",""
"","","","","","","","","","","","","","","","","",""
"","","","","","","","","","","","","","","","","",""
"","","","","","","","","","","","","","","","","",""
"","","","","","","","","","","","","","","","","",""
"","","","","","","","","","","","","","","","","",""
"","","","","","","","","","","","","","","","","",""
"","","","","","","","","","","","","","","","","",""
"","","","","","","","","","","","","","","","","",""
"","","","","","","","","","","","","","","","","",""
"","","","","","","","","","","","","","","","","",""
"","","","","","","","","","","","","","","","","",""
"","","","","","","","","","","","","","","","","",""
"","","","","","","","","","","","","","","","","",""
"","","","","","","","","","","","","","","","","",""
"","","","","","","","","","","","","","","","","",""
"","","","","","","","","","","","","","","","","",""
"","","","","","","","","","","","","","","","","",""
"","","","","","","","","","","","","","","","","",""
"","","","","","","","","","","","","","","","","",""
"","","","","","","","","","","","","","","","","",""
"","","","","","","","","","","","","","","","","",""
"","","","","","","","","","","","","","","","","",""
"","","","","","","","","","","","","","","","","",""
"","","","","","","","","","","","","","","","","",""
"","","","","","","","","","","","","","","","","",""
"","","","","","","","","","","","","","","","","",""
"","","","","","","","","","","","","","","","","",""
"","","","","","","","","","","","","","","","","",""
"","","","","","","","","","","","","","","","","",""
"","","","","","","","","","","","","","","","","",""
"","","","","","","","","","","","","","","","","",""
"","","","","","","","","","","","","","","","","",""
"","","","","","","","","","","","","","","","","",""
"","","","","","","","","","","","","","","","","",""
"","","","","","","","","","","","","","","","","",""
"","","","","","","","","","","","","","","","","",""
"","","","","","","","","","","","","","","","","",""
"","","","","","","","","","","","","","","","","",""
"","","","","","","","","","","","","","","","","",""
"","","","","","","","","","","","","","","","","",""
"","","","","","","","","","","","","","","","","",""
"","","","","","","","","","","","","","","","","",""
"","","","","","","","","","","","","","","","","",""
"","","","","","","","","","","","","","","","","",""
"","","","","","","","","","","","","","","","","",""
"","","","","","","","","","","","","","","","","",""
"","","","","","","","","","","","","","","","","",""
"","","","","","","","","","","","","","","","","",""
"","","","","","","","","","","","","","","","","",""
"","","","","","","","","","","","","","","","","",""
"","","","","","","","","","","","","","","","","",""
"","","","","","","","","","","","","","","","","",""
"","","","","","","","","","","","","","","","","",""
"","","","","","","","","","","","","","","","","",""
"","","","","","","","","","","","","","","","","",""
"","","","","","","","","","","","","","","","","",""
"","","","","","","","","","","","","","","","","",""
"","","","","","","","","","","","","","","","","",""
"","","","","","","","","","","","","","","","","",""
"","","","","","","","","","","","","","","","","",""
"","","","","","","","","","","","","","","","","",""
"","","","","","","","","","","","","","","","","",""
"","","","","","","","","","","","","","","","","",""
"","","","","","","","","","","","","","","","","",""
"","","","","","","","","","","","","","","","","",""
"","","","","","","","","","","","","","","","","",""
"","","","","","","","","","","","","","","","","",""
"","","","","","","","","","","","","","","","","",""
"","","","","","","","","","","","","","","","","",""
"","","","","","","","","","","","","","","","","",""
"","","","","","","","","","","","","","","","","",""
"","","","","","","","","","","","","","","","","",""
"","","","","","","","","","","","","","","","","",""
"","","","","","","","","","","","","","","","","",""
"","","","","","","","","","","","","","","","","",""
"","","","","","","","","","","","","","","","","",""
"","","","","","","","","","","","","","","","","",""
"","","","","","","","","","","","","","","","","",""
"","","","","","","","","","","","","","","","","",""
"","","","","","","","","","","","","","","","","",""
"","","","","","","","","","","","","","","","","",""
"","","","","","","","","","","","","","","","","",""
"","","","","","","","","","","","","","","","","",""
"","","","","","","","","","","","","","","","","",""
"","","","","","","","","","","","","","","","","",""
"","","","","","","","","","","","","","","","","",""
"","","","","","","","","","","","","","","","","",""
"","","","","","","","","","","","","","","","","",""
"","","","","","","","","","","","","","","","","",""
"","","","","","","","","","","","","","","","","",""
"","","","","","","","","","","","","","","","","",""
"","","","","","","","","","","","","","","","","",""
"","","","","","","","","","","","","","","","","",""
"","","","","","","","","","","","","","","","","",""
"","","","","","","","","","","","","","","","","",""
"","","","","","","","","","","","","","","","","",""
"","","","","","","","","","","","","","","","","",""
"","","","","","","","","","","","","","","","","",""
"","","","","","","","","","","","","","","","","",""
"","","","","","","","","","","","","","","","","",""
"","","","","","","","","","","","","","","","","",""
"","","","","","","","","","","","","","","","","",""
"","","","","","","","","","","","","","","","","",""
"","","","","","","","","","","","","","","","","",""
"","","","","","","","","","","","","","","","","",""
"","","","","","","","","","","","","","","","","",""
"","","","","","","","","","","","","","","","","",""
"","","","","","","","","","","","","","","","","",""
"","","","","","","","","","","","","","","","","",""
"","","","","","","","","","","","","","","","","",""
"","","","","","","","","","","","","","","","","",""
"","","","","","","","","","","","","","","","","",""
